port,app_name,user,created_at
57001,zhanglu_jianyirili,张璐,2025-12-02 05:45:11
57011,zhanglu_calendar,张璐,2025-12-02
57012,zhanglu_renwudaibanqingdan,张璐,2025-12-02 06:03:05
57013,zhanglu_31_todolist,张璐,2025-12-02
57014,zhanglu_renwudaibanqingdan_new,张璐,2025-12-02
57015,ou_13609b6b932d8375e72af940fbb75f62_renwudaibanqingdan,ou_13609b6b932d8375e72af940fbb75f62,2025-12-02 11:21:07
57016,ou_13609b6b932d8375e72af940fbb75f62_31_todolist,ou_13609b6b932d8375e72af940fbb75f62,2025-12-02 11:27:06
57016,ou_13609b6b932d8375e72af940fbb75f62_31_todolist,ou_13609b6b932d8375e72af940fbb75f62,2025-12-02 11:28:36
57017,zhanglu_33_calendar,张璐,2025-12-04 10:10:22
57018,ou_f86e1fffe7f5101644d8c21fea5a6c7c_jianyirili,ou_f86e1fffe7f5101644d8c21fea5a6c7c,2025-12-04 14:58:44
57018,zhanglu_33_jianyirili,张璐,2025-12-04 14:59:05
57019,ou_f86e1fffe7f5101644d8c21fea5a6c7c_33_jianyirili,ou_f86e1fffe7f5101644d8c21fea5a6c7c,2025-12-04 15:30:00
57002,zhanglu_calendar,2026-01-08 12:03:24
57003,zhanglu_jianyiboke,张璐,2026-01-10 08:48:43
57004,zhanglu_31_tasks_json,张璐,2026-01-10 11:40:55
